{"metadata":{"asset_id":"89a7c9d4-c611-4f11-8464-b0ba3524d878","asset_attributes":["data_asset","location_definition"],"name":"UDIDDATA_0.csv","asset_type":"data_asset","created_at":"2025-08-04T09:56:14Z","origin_country":"us","owner_id":"IBMid-6940010KTN","project_id":"09bab358-4c58-4fe5-a3ff-b99aeefa9605","size":3107257,"usage":{"last_update_time":1754301914428,"last_updated_at":"2025-08-04T10:05:14Z"}},"entity":{"data_asset":{"dataset":false,"mime_type":"text/csv"},"location_definition":{"physical_location_code":"SYD","physical_location_code_assigned_by":"IBMid-6940010KTN","physical_location_code_rds_id":"c57cb90f-2126-3800-9c9f-9eab82021cdf","physical_location_code_rds_version":"00002025-0723-4054-8120-253130000000_1","physical_location_code_assignment_method":"INFERRED","physical_location_code_added_on":"1754301375933"}},"attachments":[{"id":"b86fe244-a9bd-4fd9-974f-246e9eb63e0a","version":2,"asset_type":"data_asset","name":"UDIDDATA_0.csv","mime":"text/csv","datasource_type":"193a97c1-4475-4a19-b90c-295c4fdc6517","object_key":"UDIDDATA_0.csv","creator_id":"IBMid-6940010KTN","create_time":1754301375934,"size":3107257,"is_remote":false,"is_managed":false,"is_referenced":true,"is_object_key_read_only":true,"is_user_provided_path_key":true,"transfer_complete":true,"is_partitioned":false,"complete_time_ticks":1754301375934,"user_data":{},"test_doc":0,"handle":{"bucket":"udid-donotdelete-pr-hg06ws4fylpwxa","location":"au-syd","type":"bluemix_cos","key":"UDIDDATA_0.csv","upload_id":"done","max_part_num":1},"usage":{"access_count":1,"last_accessor_id":"IBMid-6940010KTN","last_access_time":1754301914427,"last_updater_id":"IBMid-6940010KTN","last_update_time":1754301914427}}]}
