{"metadata":{"asset_id":"7939f0e4-ade2-40a6-9aaf-8894a9fd7cec","asset_attributes":["environment"],"name":"autoai-runtime-24.1-py3.11-M","asset_type":"environment","created_at":"2025-08-04T10:45:53Z","origin_country":"us","owner_id":"IBMid-6940010KTN","project_id":"09bab358-4c58-4fe5-a3ff-b99aeefa9605","sandbox_id":"09bab358-4c58-4fe5-a3ff-b99aeefa9605","size":0,"tags":["dsx"],"usage":{"last_update_time":1754304353359,"last_updated_at":"2025-08-04T10:45:53Z"}},"entity":{"environment":{"sub_type":"notebook","display_name":"Runtime 24.1 on Python 3.11 AutoAI-M","hardware_specification":{"type":"referenced","guid":"c076e82c-b2a7-4d20-9c0f-1f0c2fdf5a24"},"software_specification":{"type":"referenced","guid":"45f12dfe-aa78-5b8d-9f38-0ee223c47309"},"tools_specification":{"supported_kernels":[{"name":"python3","display_name":"Python 3.11","language":"python","version":"3.11"}],"notebook_extensions":[]}}}}
