{"metadata":{"asset_id":"05dfa013-ac50-4baf-b778-b83207df41f3","asset_attributes":["environment"],"name":"autoai-runtime-24.1-py3.11-S","asset_type":"environment","created_at":"2025-08-04T10:34:32Z","origin_country":"us","owner_id":"IBMid-6940010KTN","project_id":"09bab358-4c58-4fe5-a3ff-b99aeefa9605","sandbox_id":"09bab358-4c58-4fe5-a3ff-b99aeefa9605","size":0,"tags":["dsx"],"usage":{"last_update_time":1754303672120,"last_updated_at":"2025-08-04T10:34:32Z"}},"entity":{"environment":{"sub_type":"notebook","display_name":"Runtime 24.1 on Python 3.11 AutoAI-S","hardware_specification":{"type":"referenced","guid":"e7ed1d6c-2e89-42d7-aed5-863b972c1d2b"},"software_specification":{"type":"referenced","guid":"45f12dfe-aa78-5b8d-9f38-0ee223c47309"},"tools_specification":{"supported_kernels":[{"name":"python3","display_name":"Python 3.11","language":"python","version":"3.11"}],"notebook_extensions":[]}}}}
