{"metadata":{"asset_id":"fdd9a739-01f6-4c6c-820e-a852323cf575","asset_attributes":["notebook","location_definition"],"name":" P5 - Extra Trees Classifier: UDID","asset_type":"notebook","created_at":"2025-08-04T10:45:53Z","description":"","origin_country":"us","owner_id":"IBMid-6940010KTN","project_id":"09bab358-4c58-4fe5-a3ff-b99aeefa9605","size":35687,"tags":["notebook"],"usage":{"last_update_time":1754304354295,"last_updated_at":"2025-08-04T10:45:54Z"}},"entity":{"notebook":{"kernel":{"display_name":"Python 3.11","name":"python3","language":"python"},"originates_from":{"type":"file"},"runtime":{"environment":"7939f0e4-ade2-40a6-9aaf-8894a9fd7cec"}},"location_definition":{"physical_location_code":"SYD","physical_location_code_assigned_by":"IBMid-6940010KTN","physical_location_code_rds_id":"c57cb90f-2126-3800-9c9f-9eab82021cdf","physical_location_code_rds_version":"00002025-0723-4054-8120-253130000000_1","physical_location_code_assignment_method":"INFERRED","physical_location_code_added_on":"1754304354295"}},"attachments":[{"id":"7c27c833-691d-4fb4-a6bc-441c3e171329","version":2,"asset_type":"notebook","name":"attachment for notebook fdd9a739-01f6-4c6c-820e-a852323cf575","description":"attachment for notebook fdd9a739-01f6-4c6c-820e-a852323cf575","mime":"application/json","datasource_type":"193a97c1-4475-4a19-b90c-295c4fdc6517","object_key":"notebook/autoai_notebook_b29a9698-3625-4136-b774-b9262dfa468f_P5_1754304353591.ipynb","creator_id":"IBMid-6940010KTN","create_time":1754304354295,"size":35687,"is_remote":false,"is_managed":false,"is_referenced":true,"is_object_key_read_only":false,"is_user_provided_path_key":true,"transfer_complete":true,"is_partitioned":false,"complete_time_ticks":1754304354295,"user_data":{},"test_doc":0,"handle":{"bucket":"udid-donotdelete-pr-hg06ws4fylpwxa","location":"au-syd","type":"bluemix_cos","key":"notebook/autoai_notebook_b29a9698-3625-4136-b774-b9262dfa468f_P5_1754304353591.ipynb","upload_id":"done","max_part_num":1},"usage":{"access_count":0,"last_accessor_id":"IBMid-6940010KTN","last_access_time":1754304354295}}]}
