{"metadata":{"asset_id":"ab42ebe1-895c-46df-8276-2a1700751a97","asset_attributes":["wml_model","location_definition","modelfacts_system"],"name":" P5 - Extra Trees Classifier: UDID","asset_type":"wml_model","created_at":"2025-08-04T10:48:32Z","origin_country":"au","owner_id":"IBMid-6940010KTN","project_id":"09bab358-4c58-4fe5-a3ff-b99aeefa9605","resource_key":"87a627a9-17f0-43d1-bf59-2fc08ff5e6ea","sandbox_id":"09bab358-4c58-4fe5-a3ff-b99aeefa9605","size":14250133,"usage":{"last_update_time":1754304516165,"last_updated_at":"2025-08-04T10:48:36Z"}},"entity":{"wml_model":{"content_import_state":"completed","content_location":{"contents":[{"content_format":"pipeline-node","file_name":"P5_automl.zip","location":"auto_ml/b29a9698-3625-4136-b774-b9262dfa468f/wml_data/63ec5fd8-e6b3-453a-bbd9-c04c85a6c342/assets/63ec5fd8-e6b3-453a-bbd9-c04c85a6c342_P5_batch_ensemble_output/resources/wml_model/P5_automl.zip","pipeline_node_id":"automl"},{"content_format":"native","file_name":"pipeline_model.json","location":"auto_ml/b29a9698-3625-4136-b774-b9262dfa468f/wml_data/63ec5fd8-e6b3-453a-bbd9-c04c85a6c342/assets/63ec5fd8-e6b3-453a-bbd9-c04c85a6c342_P5_batch_ensemble_output/resources/wml_model/pipeline_model.json"}],"location":{"assets_path":"auto_ml/b29a9698-3625-4136-b774-b9262dfa468f/wml_data/63ec5fd8-e6b3-453a-bbd9-c04c85a6c342/assets","notebooks_path":"auto_ml/b29a9698-3625-4136-b774-b9262dfa468f/wml_data/63ec5fd8-e6b3-453a-bbd9-c04c85a6c342/notebooks","path":"auto_ml/b29a9698-3625-4136-b774-b9262dfa468f/wml_data","training":"auto_ml/b29a9698-3625-4136-b774-b9262dfa468f/wml_data/63ec5fd8-e6b3-453a-bbd9-c04c85a6c342","training_log":"auto_ml/b29a9698-3625-4136-b774-b9262dfa468f/wml_data/63ec5fd8-e6b3-453a-bbd9-c04c85a6c342/data/automl/training.log","training_status":"auto_ml/b29a9698-3625-4136-b774-b9262dfa468f/wml_data/63ec5fd8-e6b3-453a-bbd9-c04c85a6c342/training-status.json"},"type":"container"},"data_preprocessing":[{"input":{"columns":7,"rows":57606},"output":{"columns":7,"rows":57606},"props":{"type":"stratified"},"stage":"sampling"},{"input":{"columns":7,"rows":57606},"output":{"columns":7,"rows":57606},"props":{"duplicated_rows_count":0},"stage":"cleansing"}],"hybrid_pipeline_software_specs":[{"name":"autoai-kb_rt24.1-py3.11"}],"label_column":"state_name","metrics":[{"context":{"classes":["Andaman And Nicobar Islands","Andhra Pradesh","Arunachal Pradesh","Assam","Bihar","Chandigarh","Chhattisgarh","Delhi","Goa","Gujarat","Haryana","Himachal Pradesh","Jammu And Kashmir","Jharkhand","Karnataka","Kerala","Ladakh","Lakshadweep","Madhya Pradesh","Maharashtra","Manipur","Meghalaya","Mizoram","Nagaland","Odisha","Puducherry","Punjab","Rajasthan","Sikkim","Tamil Nadu","Telangana","The Dadra And Nagar Haveli And Daman And Diu","Tripura","Uttar Pradesh","Uttarakhand","West Bengal"],"features_importance":[{"computation_type":"","features":{"NewFeature_0_square(district_name)":0.4299,"NewFeature_4_pca_2":0.1756,"district_name":0.3946},"stage":"Mean"}],"incremental_training":{},"intermediate_model":{"composition_steps":["Split_TrainingHoldout","TrainingDataset_full_51845_6","Datetime_FE","TrainingDataset_full_51845_6","Preprocessor_default","DAUB","hpo_d","cognito","hpo_c","Ensemble"],"duration":524534,"location":{"model":"auto_ml/b29a9698-3625-4136-b774-b9262dfa468f/wml_data/63ec5fd8-e6b3-453a-bbd9-c04c85a6c342/data/automl/batch_ensemble_output/Pipeline1/model.pickle","pipeline":"auto_ml/b29a9698-3625-4136-b774-b9262dfa468f/wml_data/63ec5fd8-e6b3-453a-bbd9-c04c85a6c342/data/automl/batch_ensemble_output/Pipeline1/pipeline.json","pipeline_model":"auto_ml/b29a9698-3625-4136-b774-b9262dfa468f/wml_data/63ec5fd8-e6b3-453a-bbd9-c04c85a6c342/data/automl/batch_ensemble_output/Pipeline1/pipeline-model.json"},"name":"P5","notebook_location":"auto_ml/b29a9698-3625-4136-b774-b9262dfa468f/wml_data/63ec5fd8-e6b3-453a-bbd9-c04c85a6c342/data/automl/batch_ensemble_output/Pipeline1/incremental_learning_notebook.ipynb","pipeline_nodes":["PreprocessingTransformer","autoai_libs.cognito.transforms.transform_utils.TA1","autoai_libs.cognito.transforms.transform_utils.FS1","autoai_libs.cognito.transforms.transform_utils.TAM","autoai_libs.cognito.transforms.transform_utils.FS1","BatchedTreeEnsembleClassifier(base_estimator=ExtraTreesClassifier)"],"process":"batch_ensemble_output","schema_location":"auto_ml/b29a9698-3625-4136-b774-b9262dfa468f/wml_data/63ec5fd8-e6b3-453a-bbd9-c04c85a6c342/data/automl/batch_ensemble_output/Pipeline1/schema.json"},"multi_class_classification":{"one_vs_all_location":"auto_ml/b29a9698-3625-4136-b774-b9262dfa468f/wml_data/63ec5fd8-e6b3-453a-bbd9-c04c85a6c342/data/automl/batch_ensemble_output/Pipeline1/one_vs_all.json"},"phase":"batch_ensemble_output","prediction_type":"classification","target_column":"state_name"},"ml_metrics":{"holdout_accuracy":0.9951397326852977,"holdout_f1_macro":0.9946591570955877,"holdout_f1_micro":0.9951397326852977,"holdout_f1_weighted":0.995175698561399,"holdout_neg_log_loss":-0.047951435818348036,"holdout_precision_macro":0.9952891635820217,"holdout_precision_micro":0.9951397326852977,"holdout_precision_weighted":0.9952668261164965,"holdout_recall_macro":0.9942458828233564,"holdout_recall_micro":0.9951397326852977,"holdout_recall_weighted":0.9951397326852977,"training_accuracy":0.9940013520341742,"training_f1_macro":0.9928879797308444,"training_f1_micro":0.9940013520341742,"training_f1_weighted":0.9940067154168531,"training_neg_log_loss":-0.07578254168725551,"training_precision_macro":0.9941322575750733,"training_precision_micro":0.9940013520341742,"training_precision_weighted":0.9940557669984496,"training_recall_macro":0.9917954872608267,"training_recall_micro":0.9940013520341742,"training_recall_weighted":0.9940013520341742},"timestamp":"2025-08-04T10:22:05Z"}],"pipeline":{"id":"e09b8e7b-7836-47cb-8828-ad1574c7e0d0"},"schemas":{"input":[{"fields":[{"name":"district_name","nullable":false,"type":"other"},{"name":"disability_type_name","nullable":false,"type":"other"},{"name":"age_group","nullable":false,"type":"other"},{"name":"male_count","nullable":false,"type":"double"},{"name":"female_count","nullable":false,"type":"double"},{"name":"total_count","nullable":false,"type":"double"}],"id":"auto_ai_kb_input_schema"}],"output":[]},"software_spec":{"id":"8c1a58c6-62b5-4dc4-987a-df751c2756b6","name":"hybrid_0.1"},"training_data_references":[{"connection":{},"id":"UDIDDATA_0.csv","location":{"href":"/v2/assets/89a7c9d4-c611-4f11-8464-b0ba3524d878?project_id=09bab358-4c58-4fe5-a3ff-b99aeefa9605","id":"89a7c9d4-c611-4f11-8464-b0ba3524d878","project_id":"09bab358-4c58-4fe5-a3ff-b99aeefa9605","userfs":"false"},"schema":{"fields":[{"name":"district_name","nullable":false,"type":"other"},{"name":"disability_type_name","nullable":false,"type":"other"},{"name":"age_group","nullable":false,"type":"other"},{"name":"male_count","nullable":false,"type":"double"},{"name":"female_count","nullable":false,"type":"double"},{"name":"total_count","nullable":false,"type":"double"},{"name":"state_name","nullable":false,"type":"other"}],"id":"auto_ai_kb_input_schema"},"type":"data_asset"}],"training_id":"63ec5fd8-e6b3-453a-bbd9-c04c85a6c342","type":"wml-hybrid_0.1","ml_version":"4.0.19"},"modelfacts_system":{"model_information":{"input_type":"","algorithm":"BatchedTreeEnsembleClassifier(base_estimator=ExtraTreesClassifier)","prediction_type":"classification","software_spec":"hybrid_0.1","software_spec_id":""},"training_information":{"features":6,"training_data_references":[{"training_data":"Training data name not found","training_data_href":"/v2/assets/89a7c9d4-c611-4f11-8464-b0ba3524d878?project_id=09bab358-4c58-4fe5-a3ff-b99aeefa9605","source_type":"Source type not found","source":"","source_href":"","source_path":"","training_data_exists":false,"source_exists":true,"type":"data_asset"}],"hyper_parameters":""},"project_details":{"environment_type":"development","is_environmenttype_openscale_value":false,"is_imported_model":false},"model_identity_information":{"model_identity_key":"87a627a9-17f0-43d1-bf59-2fc08ff5e6ea"}}},"attachments":[{"id":"efc06989-9e09-4a51-a46d-bd8d95eb2a14","version":2,"asset_type":"wml_model","name":"P5_automl.zip","datasource_type":"193a97c1-4475-4a19-b90c-295c4fdc6517","creator_id":"IBMid-6940010KTN","create_time":1754304512442,"size":14247830,"is_remote":false,"is_managed":true,"is_referenced":false,"is_object_key_read_only":false,"is_user_provided_path_key":false,"transfer_complete":true,"is_partitioned":false,"complete_time_ticks":1754304513769,"user_data":{"content_format":"pipeline-node","pipeline_node_id":"automl"},"test_doc":0,"handle":{"bucket":"udid-donotdelete-pr-hg06ws4fylpwxa","location":"au-syd","type":"bluemix_cos","key":"6672224d-1615-43e9-a964-264a424a331e/ab42ebe1-895c-46df-8276-2a1700751a97/efc06989-9e09-4a51-a46d-bd8d95eb2a14","upload_id":"done","max_part_num":1},"usage":{"access_count":1,"last_accessor_id":"IBMid-6940010KTN","last_access_time":1754304513769,"last_updater_id":"IBMid-6940010KTN","last_update_time":1754304513769}},{"id":"0e9f5947-bc81-4b27-b03e-12b5b4037575","version":2,"asset_type":"wml_model","name":"pipeline_model.json","datasource_type":"193a97c1-4475-4a19-b90c-295c4fdc6517","creator_id":"IBMid-6940010KTN","create_time":1754304512526,"size":2303,"is_remote":false,"is_managed":true,"is_referenced":false,"is_object_key_read_only":false,"is_user_provided_path_key":false,"transfer_complete":true,"is_partitioned":false,"complete_time_ticks":1754304513928,"user_data":{"content_format":"native"},"test_doc":0,"handle":{"bucket":"udid-donotdelete-pr-hg06ws4fylpwxa","location":"au-syd","type":"bluemix_cos","key":"6672224d-1615-43e9-a964-264a424a331e/ab42ebe1-895c-46df-8276-2a1700751a97/0e9f5947-bc81-4b27-b03e-12b5b4037575","upload_id":"done","max_part_num":1},"usage":{"access_count":1,"last_accessor_id":"IBMid-6940010KTN","last_access_time":1754304513928,"last_updater_id":"IBMid-6940010KTN","last_update_time":1754304513928}}]}
